mutation_type	value
A[C>A]A	86.0
A[C>A]C	97.0
A[C>A]G	8.0
A[C>A]T	54.0
C[C>A]A	74.0
C[C>A]C	69.0
C[C>A]G	9.0
C[C>A]T	66.0
G[C>A]A	49.0
G[C>A]C	56.0
G[C>A]G	7.0
G[C>A]T	40.0
T[C>A]A	78.0
T[C>A]C	67.0
T[C>A]G	8.0
T[C>A]T	112.0
A[C>G]A	38.0
A[C>G]C	23.0
A[C>G]G	10.0
A[C>G]T	33.0
C[C>G]A	22.0
C[C>G]C	24.0
C[C>G]G	8.0
C[C>G]T	34.0
G[C>G]A	16.0
G[C>G]C	20.0
G[C>G]G	8.0
G[C>G]T	47.0
T[C>G]A	88.0
T[C>G]C	45.0
T[C>G]G	12.0
T[C>G]T	157.0
A[C>T]A	89.0
A[C>T]C	53.0
A[C>T]G	265.0
A[C>T]T	54.0
C[C>T]A	52.0
C[C>T]C	56.0
C[C>T]G	153.0
C[C>T]T	67.0
G[C>T]A	51.0
G[C>T]C	52.0
G[C>T]G	170.0
G[C>T]T	50.0
T[C>T]A	146.0
T[C>T]C	90.0
T[C>T]G	102.0
T[C>T]T	134.0
A[T>A]A	38.0
A[T>A]C	39.0
A[T>A]G	43.0
A[T>A]T	72.0
C[T>A]A	43.0
C[T>A]C	62.0
C[T>A]G	48.0
C[T>A]T	61.0
G[T>A]A	18.0
G[T>A]C	17.0
G[T>A]G	39.0
G[T>A]T	38.0
T[T>A]A	65.0
T[T>A]C	30.0
T[T>A]G	19.0
T[T>A]T	83.0
A[T>C]A	87.0
A[T>C]C	21.0
A[T>C]G	54.0
A[T>C]T	73.0
C[T>C]A	41.0
C[T>C]C	39.0
C[T>C]G	34.0
C[T>C]T	59.0
G[T>C]A	30.0
G[T>C]C	29.0
G[T>C]G	36.0
G[T>C]T	35.0
T[T>C]A	30.0
T[T>C]C	42.0
T[T>C]G	19.0
T[T>C]T	64.0
A[T>G]A	24.0
A[T>G]C	8.0
A[T>G]G	12.0
A[T>G]T	17.0
C[T>G]A	15.0
C[T>G]C	16.0
C[T>G]G	33.0
C[T>G]T	52.0
G[T>G]A	9.0
G[T>G]C	7.0
G[T>G]G	19.0
G[T>G]T	24.0
T[T>G]A	25.0
T[T>G]C	21.0
T[T>G]G	27.0
T[T>G]T	60.0
